i,j,loo_i,loo_j,both_removed_score,interaction,verdict
10,12,-0.0058,-0.0233,0.7093023255813954,-0.0116,redundant/substitutes
10,13,-0.0058,-0.0116,0.7093023255813954,0.0,independent
10,17,-0.0058,0.1453,0.5174418604651163,-0.0349,redundant/substitutes
12,13,-0.0233,-0.0116,0.6976744186046512,-0.0291,redundant/substitutes
12,17,-0.0233,0.1453,0.5232558139534884,-0.0465,redundant/substitutes
13,17,-0.0116,0.1453,0.5523255813953488,-0.0058,independent
