{
 "addone_000": {
  "hard": 0.5523255813953488,
  "soft": 0.6273182561425716,
  "n_items": 172
 },
 "addone_001": {
  "hard": 0.5232558139534884,
  "soft": 0.5932526819816487,
  "n_items": 172
 },
 "addone_002": {
  "hard": 0.4186046511627907,
  "soft": 0.4924318119603651,
  "n_items": 172
 },
 "addone_003": {
  "hard": 0.47674418604651164,
  "soft": 0.5519277221945252,
  "n_items": 172
 },
 "addone_004": {
  "hard": 0.5232558139534884,
  "soft": 0.5910366401003859,
  "n_items": 172
 },
 "addone_005": {
  "hard": 0.5174418604651163,
  "soft": 0.5907092135214849,
  "n_items": 172
 },
 "addone_006": {
  "hard": 0.5232558139534884,
  "soft": 0.5934352369262016,
  "n_items": 172
 },
 "addone_007": {
  "hard": 0.42441860465116277,
  "soft": 0.4956064687612807,
  "n_items": 172
 },
 "addone_008": {
  "hard": 0.47093023255813954,
  "soft": 0.5524019020107043,
  "n_items": 172
 },
 "addone_009": {
  "hard": 0.5872093023255814,
  "soft": 0.651080019437957,
  "n_items": 172
 },
 "addone_010": {
  "hard": 0.5174418604651163,
  "soft": 0.5892558610408538,
  "n_items": 172
 },
 "addone_011": {
  "hard": 0.4883720930232558,
  "soft": 0.5564402765587552,
  "n_items": 172
 },
 "addone_012": {
  "hard": 0.43023255813953487,
  "soft": 0.4960196620471143,
  "n_items": 172
 },
 "addone_013": {
  "hard": 0.5232558139534884,
  "soft": 0.5858302825730256,
  "n_items": 172
 },
 "addone_014": {
  "hard": 0.5290697674418605,
  "soft": 0.6044281313829102,
  "n_items": 172
 },
 "addone_015": {
  "hard": 0.5174418604651163,
  "soft": 0.5861383804464568,
  "n_items": 172
 },
 "addone_016": {
  "hard": 0.21511627906976744,
  "soft": 0.24470322099839595,
  "n_items": 172
 },
 "addone_017": {
  "hard": 0.4476744186046512,
  "soft": 0.5279146456426221,
  "n_items": 172
 },
 "addone_018": {
  "hard": 0.313953488372093,
  "soft": 0.36926313926039983,
  "n_items": 172
 },
 "addone_019": {
  "hard": 0.4883720930232558,
  "soft": 0.5709052884801146,
  "n_items": 172
 },
 "addone_020": {
  "hard": 0.5523255813953488,
  "soft": 0.6283155061353862,
  "n_items": 172
 },
 "addone_021": {
  "hard": 0.627906976744186,
  "soft": 0.680127899107644,
  "n_items": 172
 },
 "addone_022": {
  "hard": 0.5116279069767442,
  "soft": 0.5842765235911073,
  "n_items": 172
 },
 "addone_023": {
  "hard": 0.5581395348837209,
  "soft": 0.6210146059703355,
  "n_items": 172
 },
 "addone_024": {
  "hard": 0.5348837209302325,
  "soft": 0.5962553420387912,
  "n_items": 172
 },
 "addone_025": {
  "hard": 0.1744186046511628,
  "soft": 0.20904646137957839,
  "n_items": 172
 },
 "addone_026": {
  "hard": 0.36046511627906974,
  "soft": 0.4110757818154907,
  "n_items": 172
 },
 "addone_027": {
  "hard": 0.5232558139534884,
  "soft": 0.5965743370296694,
  "n_items": 172
 },
 "addone_028": {
  "hard": 0.47093023255813954,
  "soft": 0.536603454133991,
  "n_items": 172
 },
 "addone_029": {
  "hard": 0.5232558139534884,
  "soft": 0.5929290795780974,
  "n_items": 172
 },
 "addone_030": {
  "hard": 0.7151162790697675,
  "soft": 0.7267441860465116,
  "n_items": 172
 },
 "addone_031": {
  "hard": 0.5232558139534884,
  "soft": 0.5961843008175491,
  "n_items": 172
 },
 "empty": {
  "hard": 0.5406976744186046,
  "soft": 0.6113540942620269,
  "n_items": 172
 },
 "full": {
  "hard": 0.6802325581395349,
  "soft": 0.6980620155038759,
  "n_items": 172
 },
 "loo_000": {
  "hard": 0.686046511627907,
  "soft": 0.7027906976744186,
  "n_items": 172
 },
 "loo_001": {
  "hard": 0.7209302325581395,
  "soft": 0.7313399778516058,
  "n_items": 172
 },
 "loo_002": {
  "hard": 0.7325581395348837,
  "soft": 0.746124031007752,
  "n_items": 172
 },
 "loo_003": {
  "hard": 0.7325581395348837,
  "soft": 0.7441860465116279,
  "n_items": 172
 },
 "loo_004": {
  "hard": 0.6802325581395349,
  "soft": 0.6990310077519379,
  "n_items": 172
 },
 "loo_005": {
  "hard": 0.7034883720930233,
  "soft": 0.7208543983822042,
  "n_items": 172
 },
 "loo_006": {
  "hard": 0.7034883720930233,
  "soft": 0.7254131929208717,
  "n_items": 172
 },
 "loo_007": {
  "hard": 0.6744186046511628,
  "soft": 0.687015503875969,
  "n_items": 172
 },
 "loo_008": {
  "hard": 0.7034883720930233,
  "soft": 0.7232558139534884,
  "n_items": 172
 },
 "loo_009": {
  "hard": 0.6976744186046512,
  "soft": 0.7077519379844961,
  "n_items": 172
 },
 "loo_010": {
  "hard": 0.7151162790697675,
  "soft": 0.7271317829457364,
  "n_items": 172
 },
 "loo_011": {
  "hard": 0.6802325581395349,
  "soft": 0.6953488372093023,
  "n_items": 172
 },
 "loo_012": {
  "hard": 0.7151162790697675,
  "soft": 0.7290697674418605,
  "n_items": 172
 },
 "loo_013": {
  "hard": 0.6744186046511628,
  "soft": 0.694670542635659,
  "n_items": 172
 },
 "loo_014": {
  "hard": 0.7034883720930233,
  "soft": 0.7193798449612403,
  "n_items": 172
 },
 "loo_015": {
  "hard": 0.7151162790697675,
  "soft": 0.7358527131782946,
  "n_items": 172
 },
 "loo_016": {
  "hard": 0.7034883720930233,
  "soft": 0.7160852713178295,
  "n_items": 172
 },
 "loo_017": {
  "hard": 0.7383720930232558,
  "soft": 0.7508284883720932,
  "n_items": 172
 },
 "loo_018": {
  "hard": 0.7151162790697675,
  "soft": 0.7290697674418605,
  "n_items": 172
 },
 "loo_019": {
  "hard": 0.6976744186046512,
  "soft": 0.7154293381037568,
  "n_items": 172
 },
 "loo_020": {
  "hard": 0.6918604651162791,
  "soft": 0.7073643410852714,
  "n_items": 172
 },
 "loo_021": {
  "hard": 0.6918604651162791,
  "soft": 0.7168148654810762,
  "n_items": 172
 },
 "loo_022": {
  "hard": 0.7093023255813954,
  "soft": 0.7236567762630313,
  "n_items": 172
 },
 "loo_023": {
  "hard": 0.7558139534883721,
  "soft": 0.7681524547803619,
  "n_items": 172
 },
 "loo_024": {
  "hard": 0.7209302325581395,
  "soft": 0.7329457364341085,
  "n_items": 172
 },
 "loo_025": {
  "hard": 0.7034883720930233,
  "soft": 0.7180232558139535,
  "n_items": 172
 },
 "loo_026": {
  "hard": 0.7209302325581395,
  "soft": 0.7362050739957716,
  "n_items": 172
 },
 "loo_027": {
  "hard": 0.7151162790697675,
  "soft": 0.7251937984496124,
  "n_items": 172
 },
 "loo_028": {
  "hard": 0.7209302325581395,
  "soft": 0.7329457364341085,
  "n_items": 172
 },
 "loo_029": {
  "hard": 0.7151162790697675,
  "soft": 0.7275624461670973,
  "n_items": 172
 },
 "loo_030": {
  "hard": 0.6337209302325582,
  "soft": 0.679841784216546,
  "n_items": 172
 },
 "loo_031": {
  "hard": 0.7267441860465116,
  "soft": 0.7406976744186047,
  "n_items": 172
 }
}