{
 "addone_000": {
  "hard": 0.5290697674418605,
  "soft": 0.5980939313490642,
  "n_items": 172
 },
 "addone_001": {
  "hard": 0.5232558139534884,
  "soft": 0.5982417211828968,
  "n_items": 172
 },
 "addone_002": {
  "hard": 0.5348837209302325,
  "soft": 0.6087234391500609,
  "n_items": 172
 },
 "addone_003": {
  "hard": 0.5,
  "soft": 0.5650355231200316,
  "n_items": 172
 },
 "addone_004": {
  "hard": 0.5290697674418605,
  "soft": 0.6038488238952474,
  "n_items": 172
 },
 "addone_005": {
  "hard": 0.5,
  "soft": 0.569651930042639,
  "n_items": 172
 },
 "addone_006": {
  "hard": 0.5290697674418605,
  "soft": 0.6047627484690149,
  "n_items": 172
 },
 "addone_007": {
  "hard": 0.5813953488372093,
  "soft": 0.6564521989107844,
  "n_items": 172
 },
 "addone_008": {
  "hard": 0.5348837209302325,
  "soft": 0.6063155016138493,
  "n_items": 172
 },
 "addone_009": {
  "hard": 0.5290697674418605,
  "soft": 0.5946963427311291,
  "n_items": 172
 },
 "addone_010": {
  "hard": 0.3546511627906977,
  "soft": 0.4118880809756582,
  "n_items": 172
 },
 "addone_011": {
  "hard": 0.5058139534883721,
  "soft": 0.582667684959294,
  "n_items": 172
 },
 "addone_012": {
  "hard": 0.25,
  "soft": 0.2786272285145538,
  "n_items": 172
 },
 "addone_013": {
  "hard": 0.47674418604651164,
  "soft": 0.5465344303299928,
  "n_items": 172
 },
 "addone_014": {
  "hard": 0.5348837209302325,
  "soft": 0.604877885721803,
  "n_items": 172
 },
 "addone_015": {
  "hard": 0.4941860465116279,
  "soft": 0.5706448217851847,
  "n_items": 172
 },
 "addone_016": {
  "hard": 0.5755813953488372,
  "soft": 0.6473941105987429,
  "n_items": 172
 },
 "addone_017": {
  "hard": 0.7209302325581395,
  "soft": 0.7315146094215862,
  "n_items": 172
 },
 "addone_018": {
  "hard": 0.5,
  "soft": 0.5735023770853162,
  "n_items": 172
 },
 "empty": {
  "hard": 0.5465116279069767,
  "soft": 0.6143520484532377,
  "n_items": 172
 },
 "full": {
  "hard": 0.6918604651162791,
  "soft": 0.703875968992248,
  "n_items": 172
 },
 "loo_000": {
  "hard": 0.7034883720930233,
  "soft": 0.7163983303518188,
  "n_items": 172
 },
 "loo_001": {
  "hard": 0.686046511627907,
  "soft": 0.7029069767441861,
  "n_items": 172
 },
 "loo_002": {
  "hard": 0.6918604651162791,
  "soft": 0.7053518187239117,
  "n_items": 172
 },
 "loo_003": {
  "hard": 0.7093023255813954,
  "soft": 0.7218992248062016,
  "n_items": 172
 },
 "loo_004": {
  "hard": 0.7209302325581395,
  "soft": 0.7377906976744186,
  "n_items": 172
 },
 "loo_005": {
  "hard": 0.7034883720930233,
  "soft": 0.7180232558139535,
  "n_items": 172
 },
 "loo_006": {
  "hard": 0.7151162790697675,
  "soft": 0.7248062015503877,
  "n_items": 172
 },
 "loo_007": {
  "hard": 0.686046511627907,
  "soft": 0.7047704233750746,
  "n_items": 172
 },
 "loo_008": {
  "hard": 0.7151162790697675,
  "soft": 0.7368217054263566,
  "n_items": 172
 },
 "loo_009": {
  "hard": 0.686046511627907,
  "soft": 0.700968992248062,
  "n_items": 172
 },
 "loo_010": {
  "hard": 0.6976744186046512,
  "soft": 0.7179263565891473,
  "n_items": 172
 },
 "loo_011": {
  "hard": 0.7034883720930233,
  "soft": 0.7178890876565295,
  "n_items": 172
 },
 "loo_012": {
  "hard": 0.7151162790697675,
  "soft": 0.7248062015503877,
  "n_items": 172
 },
 "loo_013": {
  "hard": 0.7034883720930233,
  "soft": 0.7178294573643411,
  "n_items": 172
 },
 "loo_014": {
  "hard": 0.7034883720930233,
  "soft": 0.7232558139534884,
  "n_items": 172
 },
 "loo_015": {
  "hard": 0.7209302325581395,
  "soft": 0.7358527131782946,
  "n_items": 172
 },
 "loo_016": {
  "hard": 0.7209302325581395,
  "soft": 0.7354651162790697,
  "n_items": 172
 },
 "loo_017": {
  "hard": 0.5465116279069767,
  "soft": 0.6229553972281193,
  "n_items": 172
 },
 "loo_018": {
  "hard": 0.7209302325581395,
  "soft": 0.7348837209302326,
  "n_items": 172
 }
}